sqrt_s_GeV,sqrt_s_TeV,0340_xsec_pb,anomaly_zone,metabit_phi,predicted_byte
200.0,0.2,99.34930449540737,False,0.13306079792045808,33
213.81381381381382,0.2138138138138138,99.3222734707223,False,0.13309879854428391,33
227.62762762762762,0.22762762762762762,99.29352397871645,False,0.13313665295222224,33
241.44144144144144,0.24144144144144145,99.26290734744425,False,0.13317435190090413,33
255.25525525525526,0.2552552552552553,99.23025848885145,False,0.13321188618492102,33
269.0690690690691,0.2690690690690691,99.19539367692232,False,0.1332492466390725,33
282.8828828828829,0.2828828828828829,99.15810796730581,False,0.13328642414060438,33
296.6966966966967,0.2966966966966967,99.11817219082617,False,0.13332340961143613,33
310.5105105105105,0.31051051051051054,99.0753294386213,False,0.13336019402037771,34
324.3243243243243,0.32432432432432434,99.02929093836963,False,0.13339676838533485,34
338.1381381381382,0.3381381381381382,98.97973119816497,False,0.13343312377550218,34
351.95195195195197,0.35195195195195195,98.92628226575665,False,0.1334692513135441,34
365.76576576576576,0.36576576576576575,98.86852691435784,False,0.1335051421777624,34
379.57957957957956,0.37957957957957955,98.80599051973013,False,0.13354078760425042,34
393.3933933933934,0.3933933933933934,98.73813133370383,False,0.13357617888903295,34
407.2072072072072,0.4072072072072072,98.66432878254552,False,0.1336113073901917,34
421.02102102102106,0.42102102102102107,98.58386931902517,False,0.13364616452997535,34
434.83483483483485,0.43483483483483487,98.49592922699601,False,0.13368074179689424,34
448.64864864864865,0.4486486486486486,98.39955360621252,False,0.13371503074779864,34
462.4624624624625,0.4624624624624625,98.2936305383013,False,0.13374902300994043,34
476.2762762762763,0.4762762762762763,98.17685913168148,False,0.13378271028301755,34
490.0900900900901,0.4900900900900901,98.04770973467049,False,0.13381608434120085,34
503.90390390390394,0.5039039039039039,97.90437405033924,False,0.13384913703514262,34
517.7177177177177,0.5177177177177177,97.74470212366035,False,0.1338818602939666,34
531.5315315315315,0.5315315315315315,97.566122113049,False,0.13391424612723857,34
545.3453453453453,0.5453453453453453,97.36553727417821,False,0.13394628662691774,34
559.1591591591591,0.5591591591591591,97.13919247854189,False,0.1339779739692875,34
572.9729729729729,0.5729729729729729,96.88249956565092,False,0.13400930041686598,34
586.7867867867868,0.5867867867867869,96.58980642795838,False,0.13404025832029537,34
600.6006006006006,0.6006006006006006,96.25408823418249,False,0.13407084012020967,34
614.4144144144144,0.6144144144144144,95.86652946693471,False,0.1341010383490807,34
628.2282282282283,0.6282282282282283,95.41595063168336,False,0.13413084563304142,34
642.0420420420421,0.6420420420420421,94.88801052399532,False,0.13416025469368661,34
655.8558558558559,0.6558558558558559,94.26407865521351,False,0.13418925834985,34
669.6696696696697,0.6696696696696697,93.51961392619252,False,0.1342178495193578,34
683.4834834834835,0.6834834834834835,92.6217891808717,False,0.13424602122075818,34
697.2972972972973,0.6972972972972973,91.5259384068662,False,0.13427376657502585,34
711.1111111111111,0.7111111111111111,90.17012118792479,False,0.13430107880724185,34
724.924924924925,0.724924924924925,88.46659651342873,False,0.13432795124824787,34
738.7387387387388,0.7387387387387387,86.28807674614846,False,0.13435437733627484,34
752.5525525525526,0.7525525525525526,83.44489218526398,False,0.13438035061854495,34
766.3663663663664,0.7663663663663663,79.64581292379144,False,0.13440586475284758,34
780.1801801801802,0.7801801801801802,74.42853962115112,False,0.13443091350908773,34
793.993993993994,0.793993993993994,67.03237271687078,False,0.13445549077080746,34
807.8078078078079,0.8078078078078079,56.15959872467986,True,0.13447959053667932,34
821.6216216216217,0.8216216216216217,39.5323468165526,True,0.13450320692197182,34
835.4354354354355,0.8354354354354354,13.164737583682417,True,0.13452633415998635,34
849.2492492492493,0.8492492492492493,-29.11749231973033,True,0.1345489666034653,34
863.063063063063,0.863063063063063,-91.41529782144741,True,0.134571098725971,34
876.8768768768768,0.8768768768768769,-152.89978162834115,True,0.1345927251232353,34
890.6906906906908,0.8906906906906907,-154.15790191978655,True,0.13461384051447903,34
904.5045045045046,0.9045045045045046,-93.59127215154268,True,0.1346344397437015,34
918.3183183183183,0.9183183183183183,-30.76996076941574,True,0.13465451778093973,34
932.1321321321321,0.9321321321321322,12.119154657777608,True,0.13467406972349627,34
945.9459459459459,0.9459459459459459,38.88130362554468,True,0.1346930907971367,34
959.7597597597597,0.9597597597597597,55.74183502077999,True,0.13471157635725528,34
973.5735735735736,0.9735735735735737,66.75347342026666,True,0.13472952189000909,34
987.3873873873874,0.9873873873873874,74.23510003847294,True,0.1347469230134202,34
1001.2012012012012,1.0012012012012013,79.50701659875318,False,0.13476377547844567,34
1015.015015015015,1.015015015015015,83.34233411107618,False,0.13478007517001522,34
1028.8288288288288,1.0288288288288288,86.21035530576968,False,0.13479581810803584,34
1042.6426426426426,1.0426426426426425,88.40639966669403,False,0.13481100044836386,34
1056.4564564564566,1.0564564564564567,90.12260949644968,False,0.13482561848374347,34
1070.2702702702704,1.0702702702702704,91.48781721970732,False,0.13483966864471209,34
1084.0840840840842,1.0840840840840842,92.59075838522452,False,0.13485314750047184,34
1097.897897897898,1.097897897897898,93.49403132872908,False,0.1348660517597274,34
1111.7117117117118,1.111711711711712,94.24274808545991,False,0.13487837827148963,34
1125.5255255255256,1.1255255255255256,94.87004492701836,False,0.1348901240258449,34
1139.3393393393394,1.1393393393393394,95.40068149115501,False,0.13490128615469033,34
1153.1531531531532,1.1531531531531531,95.85344557589572,False,0.1349118619324337,34
1166.966966966967,1.166966966966967,96.24279348574275,False,0.1349218487766595,34
1180.7807807807808,1.1807807807807809,96.5799901932432,False,0.134931244248759,34
1194.5945945945946,1.1945945945945946,96.8739155631287,False,0.1349400460545261,34
1208.4084084084084,1.2084084084084084,97.13164347334558,False,0.1349482520447174,34
1222.2222222222222,1.222222222222222,97.35886384548354,False,0.1349558602155769,34
1236.036036036036,1.236036036036036,97.56019430273665,False,0.1349628687093255,34
1249.84984984985,1.24984984984985,97.73941315403889,False,0.13496927581461443,34
1263.6636636636638,1.2636636636636638,97.89963554676532,False,0.13497507996694327,34
1277.4774774774776,1.2774774774774775,98.04344805578661,False,0.13498027974904186,34
1291.2912912912914,1.2912912912912913,98.17301252391388,False,0.13498487389121655,34
1305.1051051051052,1.3051051051051052,98.29014691009378,False,0.13498886127165996,34
1318.918918918919,1.318918918918919,98.39638877272195,False,0.13499224091672518,34
1332.7327327327328,1.3327327327327327,98.49304551516012,False,0.1349950120011634,34
1346.5465465465466,1.3465465465465465,98.58123445101494,False,0.13499717384832535,34
1360.3603603603603,1.3603603603603605,98.6619149759812,False,0.1349987259303267,34
1374.1741741741741,1.3741741741741742,98.73591457191912,False,0.13499966786817677,34
1387.987987987988,1.387987987987988,98.8039499563798,False,0.1349999994318712,34
1401.8018018018017,1.4018018018018017,98.86664438486999,False,0.13499972054044804,34
1415.6156156156158,1.4156156156156157,98.92454188429548,False,0.13499883126200762,34
1429.4294294294295,1.4294294294294296,98.97811902343956,False,0.1349973318136958,34
1443.2432432432433,1.4432432432432434,99.02779469518586,False,0.13499522256165106,34
1457.0570570570571,1.4570570570570571,99.0739382848109,False,0.13499250402091498,34
1470.870870870871,1.4708708708708709,99.11687652130375,False,0.1349891768553065,34
1484.6846846846847,1.4846846846846846,99.1568992486525,False,0.13498524187726,34
1498.4984984984985,1.4984984984984986,99.19426430718472,False,0.13498070004762663,34
1512.3123123123123,1.5123123123123123,99.22920167826125,False,0.13497555247543994,34
1526.126126126126,1.526126126126126,99.26191701656879,False,0.1349698004176449,34
1539.93993993994,1.5399399399399398,99.2925946711911,False,0.1349634452787911,34
1553.7537537537537,1.5537537537537538,99.3214002782289,False,0.13495648861068965,34
1567.5675675675677,1.5675675675675678,99.34848299297498,False,0.13494893211203446,34
1581.3813813813815,1.5813813813813815,99.37397741775284,False,0.13494077762798726,34
1595.1951951951953,1.5951951951951953,99.39800527189722,False,0.13493202714972705,34
1609.009009009009,1.609009009009009,99.42067684252461,False,0.13492268281396405,34
1622.822822822823,1.622822822822823,99.44209224835012,False,0.13491274690241783,34
1636.6366366366367,1.6366366366366367,99.46234254356709,False,0.1349022218412601,34
1650.4504504504505,1.6504504504504505,99.48151068449502,False,0.1348911102005225,34
1664.2642642642643,1.6642642642642642,99.49967237814025,False,0.13487941469346879,34
1678.078078078078,1.6780780780780782,99.51689682886304,False,0.13486713817593246,34
1691.8918918918919,1.691891891891892,99.53324739688978,False,0.13485428364561938,34
1705.7057057057057,1.7057057057057057,99.54878218036077,False,0.13484085424137582,34
1719.5195195195195,1.7195195195195194,99.5635545308898,False,0.13482685324242188,34
1733.3333333333335,1.7333333333333334,99.57761351117104,False,0.134812284067551,34
1747.1471471471473,1.7471471471471474,99.591004301957,False,0.13479715027429487,34
1760.960960960961,1.760960960960961,99.60376856470602,False,0.13478145555805496,34
1774.7747747747749,1.7747747747747749,99.61594476533081,False,0.1347652037512001,34
1788.5885885885887,1.7885885885885886,99.62756846374215,False,0.13474839882213066,34
1802.4024024024025,1.8024024024024023,99.63867257325454,False,0.1347310448743095,34
1816.2162162162163,1.8162162162162163,99.64928759338476,False,0.13471314614526017,34
1830.03003003003,1.83003003003003,99.65944181911598,False,0.13469470700553188,34
1843.8438438438438,1.8438438438438438,99.66916152930649,False,0.1346757319576326,34
1857.6576576576576,1.8576576576576576,99.67847115658411,False,0.13465622563492938,34
1871.4714714714714,1.8714714714714715,99.687393440776,False,0.13463619280051714,34
1885.2852852852852,1.8852852852852853,99.6959495676717,False,0.13461563834605547,34
1899.0990990990992,1.8990990990990992,99.70415929469955,False,0.1345945672905743,34
1912.912912912913,1.912912912912913,99.71204106490767,False,0.13457298477924828,34
1926.7267267267268,1.9267267267267267,99.71961211047679,False,0.13455089608214038,34
1940.5405405405406,1.9405405405405407,99.72688854684871,False,0.13452830659291506,34
1954.3543543543544,1.9543543543543545,99.73388545843035,False,0.1345052218275214,34
1968.1681681681682,1.9681681681681682,99.74061697672346,False,0.13448164742284582,34
1981.981981981982,1.981981981981982,99.7470963516357,False,0.13445758913533612,34
1995.7957957957958,1.995795795795796,99.7533360166443,False,0.1344330528395955,34
2009.6096096096096,2.0096096096096097,99.75934764841034,False,0.1344080445269482,34
2023.4234234234234,2.023423423423423,99.76514222137739,False,0.13438257030397666,34
2037.2372372372372,2.037237237237237,99.77073005783068,False,0.13435663639103013,34
2051.051051051051,2.051051051051051,99.77612087384297,False,0.13433024912070604,34
2064.864864864865,2.064864864864865,99.78132382148884,False,0.13430341493630354,34
2078.678678678679,2.0786786786786786,99.78634752766983,False,0.13427614039025018,34
2092.4924924924926,2.0924924924924926,99.79120012985744,False,0.13424843214250196,34
2106.3063063063064,2.1063063063063066,99.79588930903081,False,0.13422029695891707,34
2120.12012012012,2.12012012012012,99.80042232005756,False,0.13419174170960382,34
2133.933933933934,2.133933933933934,99.80480601974217,False,0.134162773367243,34
2147.747747747748,2.1477477477477476,99.80904689274446,False,0.13413339900538535,34
2161.5615615615616,2.1615615615615615,99.81315107555062,False,0.13410362579672433,34
2175.3753753753754,2.1753753753753755,99.8171243786625,False,0.1340734610113446,34
2189.189189189189,2.189189189189189,99.82097230715483,False,0.13404291201494692,34
2203.003003003003,2.203003003003003,99.82470007973606,False,0.1340119862670494,34
2216.8168168168168,2.216816816816817,99.82831264643592,False,0.13398069131916626,34
2230.6306306306305,2.2306306306306305,99.83181470503177,False,0.1339490348129636,34
2244.4444444444443,2.2444444444444445,99.8352107163154,False,0.1339170244783937,34
2258.258258258258,2.258258258258258,99.83850491829273,False,0.13388466813180736,34
2272.072072072072,2.272072072072072,99.84170133940098,False,0.13385197367404528,34
2285.8858858858857,2.285885885885886,99.84480381082027,False,0.13381894908850894,34
2299.6996996997,2.2996996996997,99.84781597794944,False,0.13378560243921106,34
2313.5135135135138,2.313513513513514,99.85074131111095,False,0.1337519418688066,34
2327.3273273273276,2.3273273273273274,99.85358311554295,False,0.13371797559660434,34
2341.1411411411414,2.3411411411411414,99.85634454073238,False,0.13368371191656012,34
2354.954954954955,2.3549549549549553,99.85902858913849,False,0.13364915919525133,34
2368.768768768769,2.368768768768769,99.86163812435157,False,0.13361432586983413,34
2382.5825825825827,2.382582582582583,99.86417587872847,False,0.13357922044598314,34
2396.3963963963965,2.3963963963963963,99.86664446054289,False,0.13354385149581458,34
2410.2102102102103,2.4102102102102103,99.8690463606852,False,0.13350822765579304,34
2424.024024024024,2.4240240240240243,99.87138395894428,False,0.1334723576246227,34
2437.837837837838,2.437837837837838,99.87365952990035,False,0.13343625016112318,34
2451.6516516516517,2.4516516516516518,99.87587524845671,False,0.13339991408209084,34
2465.4654654654655,2.4654654654654653,99.87803319503502,False,0.13336335826014586,34
2479.2792792792793,2.4792792792792793,99.88013536045744,False,0.13332659162156568,33
2493.093093093093,2.4930930930930932,99.88218365053699,False,0.13328962314410545,33
2506.906906906907,2.5069069069069068,99.88417989039597,False,0.13325246185480566,33
2520.7207207207207,2.5207207207207207,99.8861258285306,False,0.1332151168277881,33
2534.5345345345345,2.5345345345345347,99.88802314063874,False,0.13317759718204003,33
2548.3483483483483,2.5483483483483482,99.88987343322657,False,0.13313991207918738,33
2562.162162162162,2.562162162162162,99.89167824700836,False,0.1331020707212578,33
2575.975975975976,2.5759759759759757,99.89343906011308,False,0.13306408234843362,33
2589.7897897897897,2.5897897897897897,99.89515729111014,False,0.1330259562367956,33
2603.6036036036035,2.6036036036036037,99.8968343018658,False,0.1329877016960579,33
2617.4174174174177,2.6174174174174176,99.89847140024108,False,0.13294932806729462,33
2631.2312312312315,2.6312312312312316,99.90006984264127,False,0.13291084472065914,33
2645.0450450450453,2.645045045045045,99.90163083642578,False,0.132872261053096,33
2658.858858858859,2.658858858858859,99.90315554218768,False,0.1328335864860462,33
2672.672672672673,2.672672672672673,99.90464507591047,False,0.13279483046314688,33
2686.4864864864867,2.6864864864864866,99.90610051100967,False,0.13275600244792518,33
2700.3003003003005,2.7003003003003005,99.90752288026634,False,0.1327171119214875,33
2714.1141141141143,2.714114114114114,99.90891317765882,False,0.13267816838020435,33
2727.927927927928,2.727927927927928,99.91027236009896,False,0.1326391813333915,33
2741.741741741742,2.741741741741742,99.9116013490783,False,0.13260016030098806,33
2755.5555555555557,2.7555555555555555,99.91290103222966,False,0.13256111481123173,33
2769.3693693693695,2.7693693693693695,99.91417226480901,False,0.13252205439833228,33
2783.1831831831832,2.783183183183183,99.91541587110216,False,0.1324829886001435,33
2796.996996996997,2.796996996996997,99.91663264576071,False,0.13244392695583407,33
2810.810810810811,2.810810810810811,99.91782335507136,False,0.1324048790035585,33
2824.6246246246246,2.8246246246246245,99.91898873816194,False,0.1323658542781278,33
2838.4384384384384,2.8384384384384385,99.92012950814846,False,0.13232686230868151,33
2852.252252252252,2.8522522522522524,99.92124635322573,False,0.13228791261636075,33
2866.066066066066,2.866066066066066,99.92233993770503,False,0.13224901471198322,33
2879.87987987988,2.87987987987988,99.92341090300195,False,0.13221017809372101,33
2893.6936936936936,2.8936936936936934,99.92445986857663,False,0.13217141224478124,33
2907.5075075075074,2.9075075075075074,99.92548743282943,False,0.1321327266310904,33
2921.321321321321,2.9213213213213214,99.92649417395415,False,0.132094130698983,33
2935.1351351351354,2.9351351351351354,99.92748065075135,False,0.13205563387289482,33
2948.9489489489492,2.9489489489489493,99.92844740340355,False,0.13201724555306188,33
2962.762762762763,2.962762762762763,99.92939495421463,False,0.13197897511322476,33
2976.576576576577,2.976576576576577,99.93032380831524,False,0.13194083189834,33
2990.3903903903906,2.990390390390391,99.93123445433577,False,0.13190282522229793,33
3004.2042042042044,3.0042042042042043,99.93212736504906,False,0.13186496436564865,33
3018.018018018018,3.0180180180180183,99.9330029979837,False,0.13182725857333574,33
3031.831831831832,3.031831831831832,99.93386179601028,False,0.13178971705243886,33
3045.645645645646,3.0456456456456458,99.93470418790103,False,0.1317523489699255,33
3059.4594594594596,3.0594594594594597,99.93553058886519,False,0.13171516345041256,33
3073.2732732732734,3.0732732732732733,99.93634140106036,False,0.1316781695739385,33
3087.087087087087,3.0870870870870872,99.93713701408178,False,0.13164137637374573,33
3100.900900900901,3.1009009009009008,99.93791780543032,False,0.1316047928340753,33
3114.714714714715,3.1147147147147147,99.9386841409601,False,0.13156842788797285,33
3128.5285285285286,3.1285285285285287,99.93943637530708,False,0.13153229041510736,33
3142.3423423423424,3.142342342342342,99.94017485229928,False,0.1314963892396029,33
3156.156156156156,3.156156156156156,99.94089990534955,False,0.13146073312788406,33
3169.96996996997,3.16996996996997,99.94161185783197,False,0.13142533078653512,33
3183.7837837837837,3.1837837837837837,99.94231102344227,False,0.13139019086017423,33
3197.5975975975975,3.1975975975975977,99.94299770654335,False,0.1313553219293425,33
3211.4114114114113,3.211411411411411,99.94367220249654,False,0.13132073250840876,33
3225.225225225225,3.225225225225225,99.94433479797907,False,0.13128643104349053,33
3239.039039039039,3.239039039039039,99.94498577128873,False,0.13125242591039166,33
3252.8528528528527,3.2528528528528526,99.94562539263603,False,0.13121872541255705,33
3266.666666666667,3.266666666666667,99.94625392442454,False,0.1311853377790451,33
3280.4804804804808,3.2804804804804806,99.94687162151999,False,0.13115227116251832,33
3294.2942942942946,3.2942942942942945,99.9474787315087,False,0.13111953363725273,33
3308.1081081081084,3.3081081081081085,99.94807549494548,False,0.13108713319716603,33
3321.921921921922,3.321921921921922,99.94866214559205,False,0.13105507775386585,33
3335.735735735736,3.335735735735736,99.9492389106458,False,0.13102337513471768,33
3349.5495495495497,3.3495495495495495,99.94980601095986,False,0.13099203308093374,33
3363.3633633633635,3.3633633633633635,99.95036366125443,False,0.13096105924568263,33
3377.1771771771773,3.3771771771771775,99.95091207031997,False,0.13093046119222054,33
3390.990990990991,3.390990990990991,99.95145144121274,False,0.13090024639204453,33
3404.804804804805,3.404804804804805,99.95198197144258,False,0.13087042222306802,33
3418.6186186186187,3.418618618618619,99.95250385315383,False,0.13084099596781928,33
3432.4324324324325,3.4324324324324325,99.95301727329924,False,0.1308119748116632,33
3446.2462462462463,3.4462462462462464,99.95352241380738,False,0.13078336584104674,33
3460.06006006006,3.46006006006006,99.95401945174378,False,0.13075517604176842,33
3473.873873873874,3.473873873873874,99.95450855946608,False,0.13072741229727278,33
3487.6876876876877,3.487687687687688,99.95498990477351,False,0.13070008138696926,33
3501.5015015015015,3.5015015015015014,99.95546365105066,False,0.13067318998457703,33
3515.3153153153153,3.5153153153153154,99.95592995740623,False,0.13064674465649526,33
3529.129129129129,3.529129129129129,99.95638897880654,False,0.13062075186019975,33
3542.942942942943,3.542942942942943,99.9568408662043,False,0.13059521794266618,33
3556.7567567567567,3.556756756756757,99.9572857666627,False,0.13057014913882023,33
3570.5705705705705,3.5705705705705704,99.95772382347502,False,0.13054555157001507,33
3584.3843843843847,3.584384384384385,99.95815517628004,False,0.13052143124253682,33
3598.1981981981985,3.5981981981981983,99.95857996117333,False,0.1304977940461377,33
3612.0120120120123,3.6120120120120123,99.95899831081448,False,0.13047464575259812,33
3625.825825825826,3.6258258258258262,99.95941035453077,False,0.13045199201431698,33
3639.63963963964,3.6396396396396398,99.9598162184171,False,0.13042983836293176,33
3653.4534534534537,3.6534534534534537,99.96021602543242,False,0.13040819020796762,33
3667.2672672672675,3.6672672672672673,99.96060989549281,False,0.13038705283551655,33
3681.0810810810813,3.6810810810810812,99.9609979455615,False,0.13036643140694662,33
3694.894894894895,3.694894894894895,99.96138028973563,False,0.13034633095764162,33
3708.708708708709,3.7087087087087087,99.96175703933008,False,0.1303267563957715,33
3722.5225225225226,3.7225225225225227,99.96212830295853,False,0.1303077125010939,33
3736.3363363363364,3.7363363363363367,99.96249418661176,False,0.13028920392378712,33
3750.1501501501502,3.75015015015015,99.96285479373321,False,0.1302712351833145,33
3763.963963963964,3.763963963963964,99.96321022529216,False,0.13025381066732078,33
3777.777777777778,3.7777777777777777,99.96356057985437,False,0.130236934630561,33
3791.5915915915916,3.7915915915915916,99.96390595365042,False,0.13022061119386125,33
3805.4054054054054,3.8054054054054056,99.96424644064177,False,0.1302048443431126,33
3819.219219219219,3.819219219219219,99.96458213258468,False,0.13018963792829788,33
3833.033033033033,3.833033033033033,99.96491311909199,False,0.13017499566255142,33
3846.846846846847,3.8468468468468466,99.96523948769298,False,0.1301609211212524,33
3860.6606606606606,3.8606606606606606,99.96556132389117,False,0.13014741774115196,33
3874.4744744744744,3.8744744744744746,99.96587871122037,False,0.13013448881953382,33
3888.288288288288,3.888288288288288,99.9661917312988,False,0.13012213751340926,33
3902.1021021021024,3.9021021021021025,99.96650046388169,False,0.13011036683874613,33
3915.9159159159162,3.915915915915916,99.96680498691194,False,0.1300991796697326,33
3929.72972972973,3.92972972972973,99.96710537656939,False,0.13008857873807506,33
3943.543543543544,3.943543543543544,99.96740170731846,False,0.1300785666323313,33
3957.3573573573576,3.9573573573573575,99.96769405195425,False,0.13006914579727838,33
3971.1711711711714,3.9711711711711715,99.96798248164727,False,0.13006031853331557,33
3984.984984984985,3.984984984984985,99.96826706598677,False,0.1300520869959028,33
3998.798798798799,3.998798798798799,99.96854787302266,False,0.1300444531950341,33
4012.612612612613,4.012612612612613,99.96882496930628,False,0.13003741899474708,33
4026.4264264264266,4.0264264264264265,99.96909841992971,False,0.13003098611266753,33
4040.2402402402404,4.04024024024024,99.96936828856407,False,0.13002515611959012,33
4054.054054054054,4.054054054054054,99.9696346374966,False,0.13001993043909485,33
4067.867867867868,4.067867867867868,99.9698975276665,False,0.13001531034719935,33
4081.6816816816818,4.081681681681681,99.97015701869991,False,0.13001129697204733,33
4095.4954954954956,4.095495495495496,99.97041316894361,False,0.13000789129363324,33
4109.309309309309,4.109309309309309,99.97066603549786,False,0.1300050941435628,33
4123.123123123123,4.123123123123123,99.97091567424826,False,0.13000290620484992,33
4136.936936936937,4.136936936936937,99.97116213989656,False,0.1300013280117501,33
4150.750750750751,4.150750750750751,99.97140548599064,False,0.1300003599496299,33
4164.5645645645645,4.164564564564564,99.97164576495365,False,0.13000000225487274,33
4178.378378378378,4.178378378378378,99.9718830281121,False,0.13000025501482124,33
4192.192192192192,4.192192192192192,99.97211732572349,False,0.130001118167756,33
4206.006006006006,4.206006006006006,99.9723487070027,False,0.1300025915029105,33
4219.819819819821,4.21981981981982,99.97257722014793,False,0.13000467466052262,33
4233.6336336336335,4.233633633633634,99.97280291236588,False,0.13000736713192262,33
4247.447447447448,4.247447447447448,99.97302582989596,False,0.13001066825965715,33
4261.261261261261,4.261261261261261,99.9732460180341,False,0.1300145772376499,33
4275.075075075076,4.275075075075076,99.97346352115571,False,0.13001909311139837,33
4288.888888888889,4.288888888888889,99.97367838273802,False,0.13002421477820705,33
4302.7027027027025,4.302702702702702,99.97389064538187,False,0.1300299409874566,33
4316.516516516516,4.316516516516517,99.97410035083276,False,0.13003627034090914,33
4330.33033033033,4.33033033033033,99.97430754000138,False,0.1300432012930499,33
4344.144144144144,4.344144144144144,99.97451225298362,False,0.13005073215146434,33
4357.957957957958,4.357957957957957,99.9747145290799,False,0.13005886107725168,33
4371.7717717717715,4.371771771771772,99.97491440681408,False,0.1300675860854737,33
4385.585585585586,4.385585585585586,99.97511192395176,False,0.13007690504563954,33
4399.3993993994,4.3993993993994,99.97530711751811,False,0.13008681568222596,33
4413.213213213214,4.413213213213214,99.97550002381533,False,0.13009731557523285,33
4427.0270270270275,4.4270270270270276,99.97569067843938,False,0.13010840216077424,33
4440.840840840841,4.440840840840841,99.97587911629647,False,0.1301200727317044,33
4454.654654654655,4.4546546546546555,99.97606537161904,False,0.13013232443827877,33
4468.468468468469,4.468468468468469,99.97624947798131,False,0.13014515428884987,33
4482.282282282283,4.4822822822822825,99.9764314683144,False,0.13015855915059782,33
4496.0960960960965,4.496096096096097,99.97661137492105,False,0.13017253575029528,33
4509.90990990991,4.5099099099099105,99.97678922948992,False,0.13018708067510676,33
4523.723723723724,4.523723723723724,99.97696506310962,False,0.13020219037342196,33
4537.537537537538,4.5375375375375375,99.97713890628226,False,0.13021786115572295,33
4551.351351351352,4.551351351351352,99.97731078893662,False,0.13023408919548518,33
4565.1651651651655,4.5651651651651655,99.97748074044117,False,0.13025087053011175,33
4578.978978978979,4.578978978978979,99.97764878961641,False,0.13026820106190112,33
4592.792792792793,4.592792792792793,99.97781496474731,False,0.1302860765590476,33
4606.606606606607,4.606606606606607,99.97797929359507,False,0.13030449265667465,33
4620.420420420421,4.6204204204204204,99.97814180340872,False,0.13032344485790093,33
4634.2342342342345,4.634234234234235,99.97830252093648,False,0.13034292853493804,33
4648.048048048048,4.648048048048048,99.97846147243673,False,0.13036293893022075,33
4661.861861861862,4.661861861861862,99.97861868368871,False,0.13038347115756868,33
4675.675675675676,4.675675675675675,99.97877418000304,False,0.13040452020337942,33
4689.48948948949,4.68948948948949,99.97892798623185,False,0.13042608092785266,33
4703.303303303303,4.703303303303303,99.9790801267787,False,0.13044814806624536,33
4717.117117117117,4.717117117117117,99.9792306256083,False,0.13047071623015732,33
4730.930930930931,4.730930930930931,99.97937950625592,False,0.1304937799088468,33
4744.744744744745,4.744744744744745,99.97952679183666,False,0.13051733347057626,33
4758.558558558559,4.758558558558558,99.97967250505428,False,0.13054137116398742,33
4772.372372372372,4.772372372372373,99.97981666821009,False,0.13056588711950584,33
4786.186186186186,4.786186186186186,99.97995930321139,False,0.1305908753507739,33
4800.0,4.8,99.98010043157984,False,0.1306163297561128,33
4813.813813813814,4.813813813813814,99.98024007445959,False,0.13064224412001227,33
4827.627627627628,4.827627627627628,99.98037825262516,False,0.1306686121146485,33
4841.441441441441,4.841441441441441,99.98051498648913,False,0.13069542730142908,33
4855.255255255255,4.855255255255255,99.98065029610981,False,0.13072268313256535,33
4869.069069069069,4.869069069069069,99.98078420119849,False,0.13075037295267114,33
4882.882882882883,4.882882882882883,99.9809167211266,False,0.13077849000038796,33
4896.696696696697,4.896696696696696,99.9810478749328,False,0.130807027410036,33
4910.51051051051,4.910510510510511,99.98117768132977,False,0.13083597821329054,33
4924.324324324324,4.924324324324324,99.98130615871091,False,0.1308653353408836,33
4938.138138138138,4.938138138138138,99.98143332515677,False,0.13089509162433002,33
4951.951951951952,4.951951951951952,99.98155919844157,False,0.13092523979767798,33
4965.7657657657655,4.965765765765766,99.98168379603925,False,0.13095577249928309,33
4979.579579579579,4.979579579579579,99.98180713512964,False,0.13098668227360608,33
4993.393393393393,4.993393393393393,99.9819292326043,False,0.13101796157303328,33
5007.207207207207,5.007207207207207,99.98205010507242,False,0.13104960275971958,33
5021.021021021021,5.021021021021021,99.9821697688663,False,0.1310815981074535,33
5034.834834834835,5.034834834834835,99.98228824004705,False,0.13111393980354377,33
5048.648648648649,5.0486486486486495,99.98240553440986,False,0.13114661995072702,33
5062.462462462463,5.062462462462463,99.98252166748928,False,0.13117963056909618,33
5076.276276276277,5.0762762762762765,99.98263665456439,False,0.1312129635980491,33
5090.090090090091,5.090090090090091,99.9827505106638,False,0.13124661089825665,33
5103.903903903904,5.1039039039039045,99.98286325057063,False,0.1312805642536503,33
5117.717717717718,5.117717717717718,99.98297488882719,False,0.13131481537342843,33
5131.531531531532,5.131531531531532,99.98308543973975,False,0.13134935589408053,33
5145.345345345346,5.145345345345346,99.98319491738312,False,0.13138417738142966,33
5159.15915915916,5.1591591591591595,99.98330333560513,False,0.13141927133269182,33
5172.972972972973,5.172972972972973,99.98341070803095,False,0.13145462917855222,33
5186.786786786787,5.186786786786787,99.98351704806743,False,0.13149024228525769,33
5200.600600600601,5.200600600600601,99.9836223689073,False,0.13152610195672498,33
5214.414414414415,5.2144144144144144,99.98372668353322,False,0.13156219943666414,33
5228.2282282282285,5.228228228228229,99.98383000472175,False,0.13159852591071658,33
5242.042042042042,5.242042042042042,99.98393234504735,False,0.1316350725086075,33
5255.855855855856,5.255855855855856,99.98403371688616,False,0.1316718303063118,33
5269.66966966967,5.26966966966967,99.98413413241971,False,0.13170879032823313,33
5283.483483483484,5.283483483483484,99.98423360363866,False,0.13174594354939564,33
5297.2972972972975,5.297297297297297,99.98433214234625,False,0.1317832808976477,33
5311.111111111111,5.311111111111111,99.98442976016197,False,0.13182079325587706,33
5324.924924924925,5.324924924924925,99.98452646852486,False,0.13185847146423726,33
5338.738738738739,5.338738738738739,99.98462227869688,False,0.13189630632238414,33
5352.552552552553,5.352552552552552,99.98471720176624,False,0.1319342885917225,33
5366.3663663663665,5.366366366366367,99.98481124865054,False,0.13197240899766194,33
5380.18018018018,5.38018018018018,99.98490443009999,False,0.1320106582318816,33
5393.993993993994,5.393993993993994,99.98499675670038,False,0.13204902695460308,33
5407.807807807808,5.407807807807808,99.9850882388762,False,0.13208750579687092,33
5421.621621621622,5.421621621621622,99.98517888689346,False,0.13212608536284057,33
5435.4354354354355,5.435435435435435,99.9852687108627,False,0.1321647562320725,33
5449.249249249249,5.44924924924925,99.9853577207417,False,0.1322035089618325,33
5463.063063063063,5.463063063063063,99.9854459263383,False,0.13224233408939762,33
5476.876876876877,5.476876876876877,99.98553333731309,False,0.1322812221343665,33
5490.690690690691,5.49069069069069,99.98561996318203,False,0.13232016360097462,33
5504.504504504504,5.504504504504505,99.98570581331909,False,0.13235914898041276,33
5518.318318318318,5.518318318318318,99.9857908969587,False,0.132398168753149,33
5532.132132132132,5.532132132132132,99.98587522319838,False,0.1324372133912532,33
5545.945945945946,5.545945945945946,99.98595880100099,False,0.1324762733607235,33
5559.75975975976,5.55975975975976,99.98604163919724,False,0.1325153391238145,33
5573.573573573573,5.573573573573573,99.98612374648802,False,0.132554401141366,33
5587.387387387387,5.587387387387388,99.98620513144658,False,0.1325934498751324,33
5601.201201201201,5.601201201201201,99.9862858025209,False,0.13263247579011184,33
5615.015015015015,5.615015015015015,99.98636576803577,False,0.1326714693568743,33
5628.828828828829,5.628828828828828,99.98644503619502,False,0.13271042105388867,33
5642.642642642642,5.642642642642643,99.98652361508358,False,0.1327493213698477,33
5656.456456456456,5.656456456456456,99.98660151266955,False,0.13278816080599043,33
5670.270270270271,5.6702702702702705,99.98667873680624,False,0.1328269298784217,33
5684.084084084085,5.684084084084085,99.9867552952341,False,0.13286561912042788,33
5697.8978978978985,5.6978978978978985,99.98683119558271,False,0.13290421908478853,33
5711.711711711712,5.711711711711712,99.98690644537268,False,0.13294272034608315,33
5725.525525525526,5.725525525525526,99.98698105201747,False,0.13298111350299285,33
5739.33933933934,5.73933933933934,99.98705502282526,False,0.13301938918059586,33
5753.153153153154,5.7531531531531535,99.98712836500069,False,0.1330575380326567,33
5766.966966966967,5.766966966966968,99.98720108564667,False,0.1330955507439085,33
5780.780780780781,5.780780780780781,99.98727319176608,False,0.1331334180323275,33
5794.594594594595,5.794594594594595,99.98734469026343,False,0.1331711306513996,33
5808.408408408409,5.808408408408408,99.98741558794654,False,0.13320867939237818,33
5822.222222222223,5.822222222222223,99.98748589152818,False,0.1332460550865327,33
5836.036036036036,5.836036036036036,99.9875556076276,False,0.13328324860738763,33
5849.84984984985,5.84984984984985,99.98762474277211,False,0.1333202508729508,33
5863.663663663664,5.863663663663664,99.98769330339867,False,0.1333570528479312,34
5877.477477477478,5.877477477477478,99.98776129585531,False,0.13339364554594527,34
5891.291291291292,5.891291291291291,99.98782872640258,False,0.133430020031711,34
5905.105105105105,5.905105105105106,99.98789560121513,False,0.13346616742323,34
5918.918918918919,5.918918918918919,99.98796192638297,False,0.13350207889395624,34
5932.732732732733,5.932732732732733,99.98802770791289,False,0.13353774567495125,34
5946.546546546547,5.946546546546546,99.98809295172994,False,0.13357315905702546,34
5960.360360360361,5.960360360360361,99.98815766367859,False,0.1336083103928648,34
5974.174174174174,5.974174174174174,99.98822184952415,False,0.1336431910991422,34
5987.987987987988,5.987987987987988,99.98828551495403,False,0.1336777926586134,34
6001.801801801802,6.001801801801802,99.98834866557897,False,0.1337121066221969,34
6015.615615615616,6.015615615615616,99.98841130693434,False,0.1337461246110369,34
6029.42942942943,6.029429429429429,99.98847344448126,False,0.13377983831854942,34
6043.243243243243,6.043243243243244,99.98853508360791,False,0.13381323951245042,34
6057.057057057057,6.057057057057057,99.98859622963056,False,0.13384632003676616,34
6070.870870870871,6.070870870870871,99.98865688779486,False,0.13387907181382466,34
6084.684684684685,6.084684684684685,99.98871706327684,False,0.13391148684622817,34
6098.4984984984985,6.098498498498499,99.98877676118406,False,0.13394355721880585,34
6112.312312312312,6.112312312312312,99.98883598655675,False,0.13397527510054677,34
6126.126126126126,6.126126126126126,99.9888947443688,False,0.13400663274651184,34
6139.93993993994,6.13993993993994,99.98895303952881,False,0.13403762249972517,34
6153.753753753754,6.153753753753754,99.98901087688117,False,0.1340682367930436,34
6167.5675675675675,6.167567567567567,99.98906826120701,False,0.1340984681510047,34
6181.381381381381,6.181381381381382,99.98912519722518,False,0.13412830919165186,34
6195.195195195195,6.195195195195195,99.98918168959332,False,0.13415775262833707,34
6209.009009009009,6.209009009009009,99.98923774290868,False,0.13418679127150004,34
6222.822822822823,6.222822822822823,99.98929336170914,False,0.13421541803042383,34
6236.6366366366365,6.236636636636637,99.9893485504741,False,0.13424362591496625,34
6250.45045045045,6.25045045045045,99.98940331362539,False,0.13427140803726678,34
6264.264264264264,6.264264264264264,99.98945765552814,False,0.13429875761342833,34
6278.078078078078,6.278078078078078,99.9895115804917,False,0.13432566796517392,34
6291.891891891892,6.291891891891892,99.98956509277039,False,0.1343521325214773,34
6305.705705705705,6.305705705705705,99.98961819656448,False,0.1343781448201674,34
6319.51951951952,6.31951951951952,99.98967089602088,False,0.13440369850950654,34
6333.333333333334,6.333333333333334,99.98972319523403,False,0.13442878734974104,34
6347.147147147148,6.3471471471471475,99.98977509824672,False,0.13445340521462518,34
6360.9609609609615,6.360960960960962,99.98982660905075,False,0.13447754609291696,34
6374.774774774775,6.374774774774775,99.9898777315878,False,0.13450120408984592,34
6388.588588588589,6.388588588588589,99.98992846975018,False,0.1345243734285527,34
6402.402402402403,6.402402402402403,99.98997882738155,False,0.1345470484514994,34
6416.216216216217,6.416216216216217,99.99002880827759,False,0.13456922362185125,34
6430.0300300300305,6.43003003003003,99.99007841618683,False,0.13459089352482856,34
6443.843843843844,6.443843843843844,99.99012765481129,False,0.13461205286902883,34
6457.657657657658,6.457657657657658,99.99017652780714,False,0.13463269648771892,34
6471.471471471472,6.471471471471472,99.99022503878544,False,0.1346528193400966,34
6485.285285285286,6.485285285285285,99.99027319131278,False,0.1346724165125215,34
6499.0990990990995,6.4990990990991,99.99032098891192,False,0.13469148321971483,34
6512.912912912913,6.512912912912913,99.99036843506246,False,0.13471001480592792,34
6526.726726726727,6.526726726726727,99.9904155332015,False,0.13472800674607913,34
6540.540540540541,6.540540540540541,99.99046228672414,False,0.13474545464685866,34
6554.354354354355,6.554354354354355,99.99050869898424,False,0.13476235424780142,34
6568.168168168168,6.568168168168168,99.99055477329497,False,0.1347787014223273,34
6581.981981981982,6.581981981981982,99.99060051292936,False,0.1347944921787489,34
6595.795795795796,6.595795795795796,99.99064592112092,False,0.13480972266124605,34
6609.60960960961,6.60960960960961,99.99069100106418,False,0.13482438915080758,34
6623.423423423424,6.623423423423423,99.99073575591534,False,0.13483848806613918,34
6637.237237237237,6.637237237237238,99.9907801887927,False,0.1348520159645381,34
6651.051051051051,6.651051051051051,99.99082430277727,False,0.13486496954273364,34
6664.864864864865,6.664864864864865,99.9908681009133,False,0.13487734563769385,34
6678.678678678679,6.678678678678679,99.99091158620882,False,0.13488914122739784,34
6692.492492492493,6.692492492492493,99.99095476163613,False,0.13490035343157372,34
6706.306306306306,6.706306306306306,99.99099763013227,False,0.1349109795124019,34
6720.12012012012,6.720120120120121,99.99104019459962,False,0.13492101687518362,34
6733.933933933934,6.733933933933934,99.99108245790632,False,0.13493046306897455,34
6747.747747747748,6.747747747747748,99.99112442288673,False,0.13493931578718318,34
6761.561561561562,6.761561561561561,99.991166092342,False,0.13494757286813422,34
6775.375375375375,6.775375375375376,99.99120746904046,False,0.13495523229559625,34
6789.189189189189,6.789189189189189,99.99124855571809,False,0.1349622921992742,34
6803.003003003003,6.803003003003003,99.99128935507898,False,0.13496875085526588,34
6816.816816816817,6.816816816816817,99.9913298697958,False,0.13497460668648315,34
6830.630630630631,6.830630630630631,99.99137010251022,False,0.13497985826303682,34
6844.444444444444,6.844444444444444,99.99141005583328,False,0.13498450430258588,34
6858.258258258258,6.8582582582582585,99.99144973234596,False,0.13498854367065063,34
6872.072072072072,6.872072072072072,99.9914891345994,False,0.1349919753808897,34
6885.885885885886,6.885885885885886,99.99152826511552,False,0.1349947985953408,34
6899.6996996996995,6.899699699699699,99.99156712638725,False,0.13499701262462557,34
6913.513513513513,6.9135135135135135,99.99160572087904,False,0.13499861692811763,34
6927.327327327327,6.927327327327327,99.99164405102718,False,0.13499961111407482,34
6941.141141141141,6.941141141141141,99.99168211924021,False,0.1349999949397347,34
6954.954954954956,6.954954954954956,99.99171992789934,False,0.13499976831137392,34
6968.768768768769,6.968768768768769,99.99175747935872,False,0.13499893128433105,34
6982.582582582583,6.982582582582583,99.99179477594595,False,0.13499748406299314,34
6996.396396396397,6.996396396396397,99.99183181996227,False,0.13499542700074574,34
7010.210210210211,7.010210210210211,99.99186861368308,False,0.13499276059988663,34
7024.024024024025,7.024024024024024,99.99190515935818,False,0.13498948551150314,34
7037.837837837838,7.037837837837839,99.99194145921216,False,0.13498560253531328,34
7051.651651651652,7.051651651651652,99.99197751544473,False,0.13498111261947035,34
7065.465465465466,7.065465465465466,99.99201333023102,False,0.1349760168603314,34
7079.27927927928,7.079279279279279,99.99204890572196,False,0.13497031650218963,34
7093.093093093094,7.093093093093094,99.9920842440446,False,0.1349640129369705,34
7106.906906906907,7.106906906906907,99.9921193473024,False,0.13495710770389177,34
7120.720720720721,7.120720720720721,99.99215421757553,False,0.1349496024890878,34
7134.534534534535,7.134534534534535,99.99218885692122,False,0.13494149912519773,34
7148.348348348349,7.148348348348349,99.99222326737403,False,0.13493279959091797,34
7162.1621621621625,7.162162162162162,99.99225745094617,False,0.1349235060105191,34
7175.975975975976,7.175975975975977,99.9922914096278,False,0.13491362065332713,34
7189.78978978979,7.18978978978979,99.99232514538728,False,0.13490314593316935,34
7203.603603603604,7.203603603603604,99.99235866017152,False,0.13489208440778497,34
7217.417417417418,7.217417417417417,99.99239195590619,False,0.13488043877820047,34
7231.2312312312315,7.231231231231232,99.99242503449602,False,0.13486821188807022,34
7245.045045045045,7.245045045045045,99.99245789782513,False,0.13485540672298194,34
7258.858858858859,7.258858858858859,99.9924905477572,False,0.13484202640972776,34
7272.672672672673,7.272672672672673,99.99252298613581,False,0.13482807421554072,34
7286.486486486487,7.286486486486487,99.99255521478467,False,0.1348135535472969,34
7300.3003003003005,7.3003003003003,99.99258723550788,False,0.13479846795068362,34
7314.114114114114,7.314114114114115,99.99261905009018,False,0.1347828211093336,34
7327.927927927928,7.327927927927928,99.99265066029722,False,0.1347666168439254,34
7341.741741741742,7.341741741741742,99.99268206787573,False,0.13474985911125067,34
7355.555555555556,7.355555555555556,99.9927132745539,False,0.1347325520032478,34
7369.369369369369,7.36936936936937,99.99274428204149,False,0.13471469974600278,34
7383.183183183183,7.383183183183183,99.9927750920301,False,0.13469630669871735,34
7396.996996996997,7.396996996996997,99.99280570619344,False,0.13467737735264448,34
7410.810810810811,7.410810810810811,99.9928361261875,False,0.13465791632999163,34
7424.624624624625,7.424624624624625,99.99286635365084,False,0.13463792838279232,34
7438.438438438438,7.438438438438438,99.9928963902047,False,0.13461741839174543,34
7452.252252252252,7.4522522522522525,99.9929262374534,False,0.13459639136502377,34
7466.066066066066,7.466066066066066,99.99295589698436,False,0.1345748524370509,34
7479.87987987988,7.47987987987988,99.9929853703684,False,0.13455280686724752,34
7493.693693693694,7.493693693693694,99.99301465915998,False,0.13453026003874724,34
7507.507507507507,7.5075075075075075,99.99304376489737,False,0.13450721745708205,34
7521.321321321321,7.521321321321321,99.99307268910277,False,0.13448368474883798,34
7535.135135135135,7.5351351351351346,99.99310143328272,False,0.13445966766028122,34
7548.948948948949,7.548948948948949,99.99312999892804,False,0.13443517205595493,34
7562.762762762763,7.5627627627627625,99.99315838751424,False,0.1344102039172473,34
7576.576576576576,7.576576576576576,99.99318660050156,False,0.1343847693409309,34
7590.39039039039,7.59039039039039,99.99321463933525,False,0.13435887453767412,34
7604.204204204205,7.604204204204205,99.9932425054457,False,0.13433252583052438,34
7618.018018018019,7.618018018018018,99.9932702002487,False,0.13430572965336446,34
7631.8318318318325,7.631831831831833,99.99329772514547,False,0.13427849254934118,34
7645.645645645646,7.645645645645646,99.993325081523,False,0.1342508211692679,34
7659.45945945946,7.65945945945946,99.99335227075414,False,0.13422272227000037,34
7673.273273273274,7.673273273273274,99.99337929419781,False,0.13419420271278693,34
7687.087087087088,7.687087087087088,99.99340615319909,False,0.13416526946159296,34
7700.900900900901,7.700900900900901,99.99343284908949,False,0.1341359295814006,34
7714.714714714715,7.714714714714715,99.99345938318707,False,0.1341061902364835,34
7728.528528528529,7.728528528528529,99.9934857567966,False,0.13407605868865743,34
7742.342342342343,7.742342342342343,99.99351197120973,False,0.13404554229550708,34
7756.156156156157,7.756156156156156,99.99353802770511,False,0.13401464850858946,34
7769.96996996997,7.769969969969971,99.9935639275486,False,0.13398338487161446,34
7783.783783783784,7.783783783783784,99.9935896719934,False,0.13395175901860268,34
7797.597597597598,7.797597597597598,99.99361526228023,False,0.13391977867202137,34
7811.411411411412,7.811411411411412,99.99364069963741,False,0.13388745164089882,34
7825.225225225226,7.825225225225226,99.99366598528105,False,0.13385478581891747,34
7839.039039039039,7.839039039039039,99.99369112041525,False,0.13382178918248638,34
7852.852852852853,7.852852852852854,99.99371610623213,False,0.13378846978879363,34
7866.666666666667,7.866666666666667,99.99374094391204,False,0.13375483577383884,34
7880.480480480481,7.880480480480481,99.99376563462373,False,0.13372089535044648,34
7894.294294294295,7.894294294294294,99.9937901795244,False,0.1336866568062605,34
7908.108108108108,7.908108108108109,99.9938145797599,False,0.1336521285017206,34
7921.921921921922,7.921921921921922,99.99383883646486,False,0.13361731886802075,34
7935.735735735736,7.935735735735736,99.99386295076279,False,0.13358223640505057,34
7949.54954954955,7.94954954954955,99.99388692376623,False,0.13354688967931955,34
7963.3633633633635,7.963363363363364,99.99391075657688,False,0.13351128732186557,34
7977.177177177177,7.977177177177177,99.99393445028574,False,0.13347543802614706,34
7990.990990990991,7.9909909909909915,99.99395800597317,False,0.13343935054592046,34
8004.804804804805,8.004804804804804,99.99398142470913,False,0.13340303369310255,34
8018.618618618619,8.01861861861862,99.99400470755317,False,0.13336649633561884,34
8032.4324324324325,8.032432432432433,99.99402785555466,False,0.13332974739523806,33
8046.246246246246,8.046246246246247,99.99405086975281,False,0.13329279584539375,33
8060.06006006006,8.06006006006006,99.9940737511769,False,0.13325565070899306,33
8073.873873873874,8.073873873873874,99.99409650084628,False,0.13321832105621348,33
8087.687687687688,8.087687687687687,99.99411911977057,False,0.1331808160022881,33
8101.5015015015015,8.1015015015015,99.9941416089497,False,0.13314314470527985,33
8115.315315315315,8.115315315315316,99.9941639693741,False,0.13310531636384526,33
8129.129129129129,8.12912912912913,99.99418620202476,False,0.13306734021498826,33
8142.942942942943,8.142942942942943,99.99420830787331,False,0.1330292255318047,33
8156.756756756757,8.156756756756756,99.99423028788222,False,0.1329909816212181,33
8170.57057057057,8.17057057057057,99.99425214300477,False,0.13295261782170692,33
8184.384384384384,8.184384384384384,99.9942738741853,False,0.13291414350102443,33
8198.198198198199,8.198198198198199,99.9942954823592,False,0.1328755680539111,33
8212.012012012012,8.212012012012012,99.99431696845309,False,0.13283690089980071,33
8225.825825825825,8.225825825825824,99.99433833338483,False,0.1327981514805203,33
8239.639639639641,8.239639639639641,99.99435957806372,False,0.13275932925798448,33
8253.453453453454,8.253453453453455,99.9943807033905,False,0.1327204437118852,33
8267.267267267267,8.267267267267266,99.99440171025755,False,0.13268150433737688,33
8281.081081081082,8.281081081081082,99.99442259954886,False,0.13264252064275783,33
8294.894894894896,8.294894894894897,99.99444337214022,False,0.1326035021471486,33
8308.70870870871,8.308708708708709,99.99446402889932,False,0.13256445837816747,33
8322.522522522522,8.322522522522522,99.9944845706857,False,0.132525398869604,33
8336.336336336337,8.336336336336338,99.99450499835105,False,0.13248633315909117,33
8350.150150150152,8.350150150150151,99.99452531273914,False,0.13244727078577628,33
8363.963963963964,8.363963963963965,99.99454551468594,False,0.1324082212879918,33
8377.777777777777,8.377777777777778,99.99456560501974,False,0.13236919420092616,33
8391.591591591592,8.391591591591592,99.99458558456125,False,0.13233019905429558,33
8405.405405405405,8.405405405405405,99.99460545412357,False,0.13229124537001694,33
8419.21921921922,8.419219219219219,99.99462521451245,False,0.13225234265988273,33
8433.033033033033,8.433033033033032,99.9946448665262,False,0.13221350042323854,33
8446.846846846847,8.446846846846848,99.99466441095589,False,0.13217472814466338,33
8460.66066066066,8.46066066066066,99.99468384858535,False,0.13213603529165374,33
8474.474474474475,8.474474474474475,99.99470318019132,False,0.13209743131231183,33
8488.288288288288,8.488288288288288,99.99472240654347,False,0.13205892563303848,33
8502.102102102102,8.502102102102102,99.99474152840452,False,0.13202052765623143,33
8515.915915915915,8.515915915915915,99.99476054653024,False,0.1319822467579894,33
8529.72972972973,8.52972972972973,99.99477946166965,False,0.13194409228582255,33
8543.543543543543,8.543543543543542,99.99479827456499,False,0.13190607355637016,33
8557.357357357358,8.557357357357358,99.9948169859518,False,0.13186819985312553,33
8571.171171171172,8.571171171171173,99.99483559655906,False,0.13183048042416912,33
8584.984984984985,8.584984984984985,99.99485410710919,False,0.13179292447991042,33
8598.7987987988,8.5987987987988,99.99487251831816,False,0.13175554119083885,33
8612.612612612613,8.612612612612613,99.99489083089557,False,0.13171833968528454,33
8626.426426426427,8.626426426426427,99.99490904554463,False,0.13168132904718932,33
8640.24024024024,8.64024024024024,99.99492716296237,False,0.13164451831388863,33
8654.054054054055,8.654054054054056,99.99494518383956,False,0.1316079164739047,33
8667.867867867868,8.667867867867868,99.99496310886093,False,0.13157153246475184,33
8681.681681681683,8.681681681681683,99.99498093870504,False,0.1315353751707538,33
8695.495495495496,8.695495495495496,99.99499867404458,False,0.13149945342087474,33
8709.30930930931,8.70930930930931,99.99501631554621,False,0.13146377598656303,33
8723.123123123123,8.723123123123123,99.99503386387074,False,0.1314283515796096,33
8736.936936936938,8.736936936936939,99.99505131967324,False,0.1313931888500206,33
8750.75075075075,8.75075075075075,99.99506868360294,False,0.1313582963839053,33
8764.564564564565,8.764564564564566,99.99508595630346,False,0.13132368270137945,33
8778.378378378378,8.778378378378378,99.99510313841273,False,0.13128935625448476,33
8792.192192192193,8.792192192192193,99.99512023056319,False,0.13125532542512527,33
8806.006006006006,8.806006006006006,99.99513723338168,False,0.13122159852302043,33
8819.81981981982,8.81981981981982,99.99515414748967,False,0.13118818378367608,33
8833.633633633634,8.833633633633633,99.9951709735032,False,0.13115508936637357,33
8847.447447447448,8.847447447447449,99.99518771203296,False,0.13112232335217724,33
8861.261261261261,8.86126126126126,99.99520436368438,False,0.1310898937419614,33
8875.075075075076,8.875075075075076,99.99522092905765,False,0.1310578084544564,33
8888.888888888889,8.88888888888889,99.9952374087478,False,0.1310260753243152,33
8902.702702702703,8.902702702702703,99.9952538033447,False,0.13099470210020028,33
8916.516516516516,8.916516516516516,99.99527011343321,False,0.13096369644289144,33
8930.330330330331,8.930330330330332,99.99528633959314,False,0.13093306592341528,33
8944.144144144144,8.944144144144143,99.99530248239932,False,0.13090281802119644,33
8957.957957957959,8.957957957957959,99.99531854242171,False,0.1308729601222313,33
8971.771771771771,8.971771771771772,99.99533452022538,False,0.13084349951728438,33
8985.585585585586,8.985585585585586,99.9953504163706,False,0.13081444340010814,33
8999.399399399399,8.9993993993994,99.99536623141285,False,0.13078579886568636,33
9013.213213213214,9.013213213213215,99.99538196590292,False,0.1307575729085017,33
9027.027027027027,9.027027027027026,99.99539762038691,False,0.13072977242082776,33
9040.840840840841,9.040840840840842,99.99541319540636,False,0.13070240419104598,33
9054.654654654654,9.054654654654653,99.99542869149813,False,0.13067547490198833,33
9068.468468468469,9.068468468468469,99.99544410919465,False,0.1306489911293052,33
9082.282282282282,9.082282282282282,99.99545944902383,False,0.1306229593398599,33
9096.096096096097,9.096096096096096,99.99547471150913,False,0.1305973858901495,33
9109.90990990991,9.10990990990991,99.99548989716966,False,0.1305722770247527,33
9123.723723723724,9.123723723723725,99.99550500652013,False,0.13054763887480506,33
9137.537537537537,9.137537537537536,99.995520040071,False,0.13052347745650186,33
9151.351351351352,9.151351351351352,99.99553499832842,False,0.130499798669629,33
9165.165165165165,9.165165165165165,99.99554988179436,False,0.13047660829612243,33
9178.97897897898,9.178978978978979,99.99556469096659,False,0.13045391199865633,33
9192.792792792792,9.192792792792792,99.99557942633875,False,0.13043171531926034,33
9206.606606606607,9.206606606606607,99.9955940884004,False,0.13041002367796628,33
9220.420420420422,9.220420420420421,99.99560867763704,False,0.13038884237148474,33
9234.234234234234,9.234234234234235,99.99562319453015,False,0.1303681765719117,33
9248.04804804805,9.24804804804805,99.99563763955724,False,0.1303480313254655,33
9261.861861861862,9.261861861861862,99.99565201319191,False,0.1303284115512548,33
9275.675675675677,9.275675675675677,99.99566631590383,False,0.1303093220400773,33
9289.48948948949,9.28948948948949,99.99568054815883,False,0.13029076745325,33
9303.303303303304,9.303303303303304,99.99569471041893,False,0.1302727523214709,33
9317.117117117117,9.317117117117117,99.99570880314234,False,0.13025528104371278,33
9330.930930930932,9.330930930930933,99.99572282678356,False,0.13023835788614896,33
9344.744744744745,9.344744744744744,99.99573678179338,False,0.13022198698111165,33
9358.55855855856,9.35855855855856,99.9957506686189,False,0.13020617232608284,33
9372.372372372372,9.372372372372372,99.99576448770358,False,0.13019091778271824,33
9386.186186186187,9.386186186186187,99.99577823948734,False,0.13017622707590434,33
9400.0,9.4,99.99579192440643,False,0.13016210379284884,33
9413.813813813815,9.413813813813814,99.99580554289366,False,0.13014855138220466,33
9427.627627627628,9.427627627627627,99.99581909537831,False,0.1301355731532279,33
9441.441441441442,9.441441441441443,99.99583258228621,False,0.13012317227496986,33
9455.255255255255,9.455255255255254,99.99584600403976,False,0.130111351775503,33
9469.06906906907,9.46906906906907,99.99585936105794,False,0.1301001145411818,33
9482.882882882883,9.482882882882883,99.99587265375638,False,0.13008946331593774,33
9496.696696696697,9.496696696696697,99.99588588254741,False,0.13007940070060936,33
9510.51051051051,9.51051051051051,99.99589904784001,False,0.13006992915230725,33
9524.324324324325,9.524324324324326,99.99591215003994,False,0.130061050983814,33
9538.138138138138,9.538138138138137,99.9959251895497,False,0.13005276836301946,33
9551.951951951953,9.551951951951953,99.99593816676858,False,0.13004508331239137,33
9565.765765765766,9.565765765765766,99.99595108209273,False,0.13003799770848157,33
9579.57957957958,9.57957957957958,99.9959639359151,False,0.1300315132814677,33
9593.393393393393,9.593393393393393,99.99597672862556,False,0.1300256316147308,33
9607.207207207208,9.607207207207209,99.99598946061093,False,0.1300203541444686,33
9621.02102102102,9.62102102102102,99.99600213225492,False,0.1300156821593449,33
9634.834834834835,9.634834834834836,99.9960147439382,False,0.13001161680017487,33
9648.648648648648,9.64864864864865,99.99602729603852,False,0.1300081590596464,33
9662.462462462463,9.662462462462463,99.99603978893059,False,0.13000530978207792,33
9676.276276276276,9.676276276276276,99.99605222298621,False,0.13000306966321196,33
9690.09009009009,9.690090090090091,99.99606459857426,False,0.13000143925004545,33
9703.903903903903,9.703903903903903,99.99607691606074,False,0.13000041894069617,33
9717.717717717718,9.717717717717719,99.99608917580878,False,0.13000000898430533,33
9731.531531531531,9.73153153153153,99.99610137817866,False,0.13000020948097696,33
9745.345345345346,9.745345345345346,99.99611352352792,False,0.1300010203817534,33
9759.159159159159,9.759159159159159,99.99612561221124,False,0.13000244148862716,33
9772.972972972973,9.772972972972973,99.99613764458061,False,0.13000447245458938,33
9786.786786786786,9.786786786786786,99.99614962098524,False,0.13000711278371452,33
9800.600600600601,9.800600600600601,99.99616154177166,False,0.13001036183128148,33
9814.414414414414,9.814414414414413,99.99617340728373,False,0.13001421880393096,33
9828.228228228229,9.828228228228229,99.99618521786266,False,0.1300186827598593,33
9842.042042042041,9.842042042042042,99.99619697384699,False,0.13002375260904836,33
9855.855855855856,9.855855855855856,99.99620867557273,False,0.1300294271135317,33
9869.66966966967,9.86966966966967,99.99622032337324,False,0.13003570488769683,33
9883.483483483484,9.883483483483484,99.99623191757934,False,0.13004258439862373,33
9897.297297297298,9.897297297297298,99.99624345851934,False,0.1300500639664589,33
9911.111111111111,9.911111111111111,99.99625494651903,False,0.1300581417648258,33
9924.924924924926,9.924924924924927,99.9962663819017,False,0.1300668158212706,33
9938.738738738739,9.938738738738738,99.99627776498819,False,0.13007608401774398,33
9952.552552552554,9.952552552552554,99.99628909609689,False,0.1300859440911182,33
9966.366366366366,9.966366366366367,99.9963003755438,False,0.13009639363373987,33
9980.180180180181,9.98018018018018,99.99631160364244,False,0.13010743009401768,33
9993.993993993994,9.993993993993994,99.99632278070406,False,0.13011905077704553,33
10007.807807807809,10.00780780780781,99.9963339070375,False,0.13013125284526061,33
10021.621621621622,10.021621621621621,99.99634498294925,False,0.1301440333191363,33
10035.435435435436,10.035435435435437,99.99635600874355,False,0.13015738907790952,33
10049.24924924925,10.049249249249248,99.99636698472229,False,0.1301713168603431,33
10063.063063063064,10.063063063063064,99.99637791118509,False,0.13018581326552184,33
10076.876876876877,10.076876876876877,99.99638878842939,False,0.130200874753683,33
10090.690690690692,10.09069069069069,99.99639961675032,False,0.13021649764708076,33
10104.504504504504,10.104504504504504,99.99641039644087,False,0.13023267813088416,33
10118.31831831832,10.11831831831832,99.99642112779176,False,0.1302494122541086,33
10132.132132132132,10.132132132132131,99.9964318110916,False,0.13026669593058077,33
10145.945945945947,10.145945945945947,99.99644244662686,False,0.13028452493993614,33
10159.75975975976,10.15975975975976,99.9964530346818,False,0.13030289492864977,33
10173.573573573574,10.173573573573574,99.99646357553868,False,0.13032180141109917,33
10187.387387387387,10.187387387387387,99.99647406947759,False,0.13034123977065967,33
10201.201201201202,10.201201201201203,99.99648451677652,False,0.13036120526083184,33
10215.015015015015,10.215015015015014,99.9964949177115,False,0.13038169300640023,33
10228.82882882883,10.22882882882883,99.99650527255643,False,0.13040269800462412,33
10242.642642642642,10.242642642642643,99.99651558158327,False,0.13042421512645883,33
10256.456456456457,10.256456456456457,99.9965258450619,False,0.13044623911780837,33
10270.27027027027,10.27027027027027,99.99653606326024,False,0.13046876460080814,33
10284.084084084085,10.284084084084085,99.99654623644429,False,0.13049178607513842,33
10297.897897897898,10.297897897897897,99.99655636487805,False,0.13051529791936714,33
10311.711711711712,10.311711711711713,99.9965664488236,False,0.1305392943923228,33
10325.525525525525,10.325525525525524,99.9965764885411,False,0.13056376963449617,33
10339.33933933934,10.33933933933934,99.99658648428881,False,0.1305887176694711,33
10353.153153153153,10.353153153153153,99.99659643632313,False,0.13061413240538405,33
10366.966966966967,10.366966966966967,99.99660634489858,False,0.1306400076364113,33
10380.78078078078,10.38078078078078,99.99661621026782,False,0.13066633704428454,33
10394.594594594595,10.394594594594595,99.99662603268166,False,0.13069311419983362,33
10408.408408408408,10.408408408408407,99.99663581238917,False,0.1307203325645564,33
10422.222222222223,10.422222222222222,99.99664554963752,False,0.13074798549221534,33
10436.036036036036,10.436036036036036,99.99665524467216,False,0.1307760662304604,33
10449.84984984985,10.44984984984985,99.99666489773674,False,0.13080456792247794,33
10463.663663663663,10.463663663663663,99.99667450907315,False,0.13083348360866484,33
10477.477477477478,10.477477477477478,99.99668407892159,False,0.13086280622832802,33
10491.291291291293,10.491291291291292,99.99669360752044,False,0.13089252862140863,33
10505.105105105105,10.505105105105105,99.99670309510648,False,0.13092264353023017,33
10518.91891891892,10.51891891891892,99.99671254191473,False,0.13095314360127094,33
10532.732732732733,10.532732732732732,99.99672194817852,False,0.13098402138695941,33
10546.546546546548,10.546546546546548,99.99673131412955,False,0.13101526934749302,33
10560.36036036036,10.560360360360361,99.99674063999782,False,0.131046879852679,33
10574.174174174175,10.574174174174175,99.99674992601177,False,0.13107884518379778,33
10587.987987987988,10.587987987987988,99.99675917239814,False,0.13111115753548755,33
10601.801801801803,10.601801801801804,99.99676837938209,False,0.1311438090176504,33
10615.615615615616,10.615615615615615,99.99677754718716,False,0.13117679165737872,33
10629.42942942943,10.62942942942943,99.99678667603537,False,0.1312100974009022,33
10643.243243243243,10.643243243243244,99.9967957661471,False,0.13124371811555438,33
10657.057057057058,10.657057057057058,99.9968048177412,False,0.13127764559175845,33
10670.870870870871,10.670870870870871,99.99681383103497,False,0.13131187154503193,33
10684.684684684686,10.684684684684685,99.9968228062442,False,0.13134638761800962,33
10698.498498498499,10.698498498498498,99.99683174358316,False,0.13138118538248422,33
10712.312312312313,10.712312312312314,99.99684064326458,False,0.13141625634146448,33
10726.126126126126,10.726126126126125,99.99684950549972,False,0.13145159193124983,33
10739.93993993994,10.73993993993994,99.99685833049841,False,0.13148718352352173,33
10753.753753753754,10.753753753753754,99.99686711846891,False,0.13152302242745031,33
10767.567567567568,10.767567567567568,99.99687586961812,False,0.13155909989181666,33
10781.381381381381,10.781381381381381,99.99688458415143,False,0.13159540710714968,33
10795.195195195196,10.795195195195197,99.99689326227286,False,0.13163193520787722,33
10809.009009009009,10.809009009009008,99.99690190418494,False,0.1316686752744908,33
10822.822822822824,10.822822822822824,99.99691051008887,False,0.13170561833572372,33
10836.636636636636,10.836636636636637,99.9969190801844,False,0.13174275537074165,33
10850.450450450451,10.85045045045045,99.99692761466991,False,0.13178007731134525,33
10864.264264264264,10.864264264264264,99.99693611374244,False,0.13181757504418462,33
10878.078078078079,10.87807807807808,99.99694457759762,False,0.1318552394129845,33
10891.891891891892,10.891891891891891,99.99695300642975,False,0.13189306122078015,33
10905.705705705706,10.905705705705707,99.9969614004318,False,0.13193103123216302,33
10919.51951951952,10.91951951951952,99.9969697597954,False,0.13196914017553585,33
10933.333333333334,10.933333333333334,99.9969780847109,False,0.1320073787453768,33
10947.147147147147,10.947147147147147,99.99698637536729,False,0.1320457376045114,33
10960.960960960962,10.960960960960962,99.99699463195229,False,0.13208420738639287,33
10974.774774774774,10.974774774774774,99.99700285465235,False,0.13212277869738892,33
10988.58858858859,10.98858858858859,99.99701104365263,False,0.13216144211907577,33
11002.402402402402,11.002402402402401,99.99701919913703,False,0.13220018821053778,33
11016.216216216217,11.016216216216216,99.99702732128819,False,0.1322390075106729,33
11030.03003003003,11.03003003003003,99.99703541028754,False,0.13227789054050282,33
11043.843843843844,11.043843843843844,99.99704346631522,False,0.13231682780548756,33
11057.657657657657,11.057657657657657,99.9970514895502,False,0.13235580979784387,33
11071.471471471472,11.071471471471472,99.99705948017022,False,0.1323948269988669,33
11085.285285285285,11.085285285285284,99.99706743835183,False,0.13243386988125447,33
11099.0990990991,11.0990990990991,99.99707536427034,False,0.13247292891143347,33
11112.912912912912,11.112912912912913,99.99708325809992,False,0.1325119945518878,33
11126.726726726727,11.126726726726726,99.99709112001356,False,0.13255105726348726,33
11140.540540540542,11.140540540540542,99.9970989501831,False,0.13259010750781675,33
11154.354354354355,11.154354354354355,99.99710674877919,False,0.13262913574950552,33
11168.16816816817,11.168168168168169,99.99711451597135,False,0.13266813245855547,33
11181.981981981982,11.181981981981982,99.99712225192798,False,0.13270708811266818,33
11195.795795795797,11.195795795795798,99.99712995681631,False,0.13274599319957017,33
11209.60960960961,11.20960960960961,99.99713763080251,False,0.13278483821933545,33
11223.423423423425,11.223423423423425,99.9971452740516,False,0.13282361368670548,33
11237.237237237237,11.237237237237238,99.99715288672752,False,0.13286231013340505,33
11251.051051051052,11.251051051051052,99.9971604689931,False,0.1329009181104545,33
11264.864864864865,11.264864864864865,99.9971680210101,False,0.13293942819047683,33
11278.67867867868,11.27867867867868,99.9971755429392,False,0.13297783096999968,33
11292.492492492493,11.292492492492492,99.99718303494004,False,0.13301611707175162,33
11306.306306306307,11.306306306306308,99.99719049717115,False,0.13305427714695184,33
11320.12012012012,11.32012012012012,99.99719792979005,False,0.13309230187759297,33
11333.933933933935,11.333933933933935,99.99720533295323,False,0.13313018197871626,33
11347.747747747748,11.347747747747748,99.99721270681611,False,0.13316790820067906,33
11361.561561561562,11.361561561561562,99.9972200515331,False,0.1332054713314131,33
11375.375375375375,11.375375375375375,99.99722736725764,False,0.13324286219867418,33
11389.18918918919,11.38918918918919,99.99723465414208,False,0.13328007167228173,33
11403.003003003003,11.403003003003002,99.99724191233781,False,0.1333170906663482,33
11416.816816816818,11.416816816816818,99.99724914199527,False,0.13335391014149783,34
11430.63063063063,11.430630630630631,99.99725634326384,False,0.13339052110707375,34
11444.444444444445,11.444444444444445,99.99726351629197,False,0.1334269146233334,34
11458.258258258258,11.458258258258258,99.99727066122713,False,0.13346308180363148,34
11472.072072072073,11.472072072072073,99.99727777821583,False,0.13349901381658985,34
11485.885885885886,11.485885885885885,99.99728486740362,False,0.13353470188825406,34
11499.6996996997,11.4996996996997,99.99729192893511,False,0.1335701373042357,34
11513.513513513513,11.513513513513514,99.99729896295399,False,0.13360531141184043,34
11527.327327327328,11.527327327327328,99.99730596960296,False,0.13364021562218067,34
11541.14114114114,11.541141141141141,99.99731294902385,False,0.13367484141227295,34
11554.954954954956,11.554954954954956,99.99731990135757,False,0.1337091803271191,34
11568.768768768768,11.568768768768768,99.99732682674409,False,0.1337432239817706,34
11582.582582582583,11.582582582582583,99.9973337253225,False,0.13377696406337639,34
11596.396396396396,11.596396396396397,99.99734059723097,False,0.1338103923332123,34
11610.21021021021,11.61021021021021,99.99734744260684,False,0.13384350062869318,34
11624.024024024024,11.624024024024024,99.99735426158647,False,0.13387628086536582,34
11637.837837837838,11.637837837837838,99.99736105430543,False,0.13390872503888313,34
11651.651651651651,11.651651651651651,99.99736782089839,False,0.13394082522695852,34
11665.465465465466,11.665465465465466,99.99737456149916,False,0.1339725735913007,34
11679.279279279279,11.679279279279278,99.99738127624067,False,0.1340039623795272,34
11693.093093093094,11.693093093093093,99.99738796525504,False,0.1340349839270578,34
11706.906906906906,11.706906906906907,99.99739462867355,False,0.13406563065898572,34
11720.720720720721,11.72072072072072,99.9974012666266,False,0.13409589509192757,34
11734.534534534534,11.734534534534534,99.99740787924378,False,0.1341257698358505,34
11748.348348348349,11.74834834834835,99.9974144666539,False,0.13415524759587671,34
11762.162162162162,11.762162162162161,99.99742102898486,False,0.13418432117406476,34
11775.975975975976,11.775975975975976,99.99742756636385,False,0.13421298347116722,34
11789.789789789791,11.789789789789792,99.9974340789172,False,0.13424122748836412,34
11803.603603603604,11.803603603603603,99.99744056677042,False,0.13426904632897196,34
11817.417417417419,11.817417417417419,99.9974470300483,False,0.13429643320012774,34
11831.231231231232,11.831231231231232,99.99745346887478,False,0.13432338141444766,34
11845.045045045046,11.845045045045046,99.99745988337305,False,0.13434988439166015,34
11858.85885885886,11.85885885885886,99.99746627366551,False,0.13437593566021244,34
11872.672672672674,11.872672672672675,99.9974726398738,False,0.13440152885885107,34
11886.486486486487,11.886486486486486,99.9974789821188,False,0.13442665773817492,34
11900.300300300301,11.900300300300302,99.99748530052062,False,0.13445131616216147,34
11914.114114114114,11.914114114114115,99.99749159519862,False,0.13447549810966483,34
11927.927927927929,11.927927927927929,99.99749786627143,False,0.13449919767588628,34
11941.741741741742,11.941741741741742,99.99750411385693,False,0.13452240907381588,34
11955.555555555557,11.955555555555556,99.99751033807225,False,0.1345451266356457,34
11969.36936936937,11.96936936936937,99.99751653903382,False,0.1345673448141537,34
11983.183183183184,11.983183183183185,99.99752271685732,False,0.13458905818405836,34
11996.996996996997,11.996996996996996,99.99752887165774,False,0.13461026144334337,34
12010.810810810812,12.010810810810812,99.9975350035493,False,0.13463094941455228,34
12024.624624624625,12.024624624624625,99.9975411126456,False,0.13465111704605282,34
12038.43843843844,12.038438438438439,99.99754719905947,False,0.13467075941327025,34
12052.252252252252,12.052252252252252,99.99755326290304,False,0.1346898717198901,34
12066.066066066067,12.066066066066067,99.99755930428779,False,0.13470844929902917,34
12079.87987987988,12.07987987987988,99.9975653233245,False,0.1347264876143751,34
12093.693693693695,12.093693693693695,99.99757132012323,False,0.13474398226129414,34
12107.507507507507,12.107507507507508,99.99757729479339,False,0.1347609289679066,34
12121.321321321322,12.121321321321322,99.99758324744377,False,0.13477732359613,34
12135.135135135135,12.135135135135135,99.9975891781824,False,0.13479316214268963,34
12148.94894894895,12.14894894894895,99.9975950871167,False,0.13480844074009585,34
12162.762762762763,12.162762762762762,99.99760097435342,False,0.1348231556575886,34
12176.576576576577,12.176576576576577,99.99760683999867,False,0.1348373033020484,34
12190.39039039039,12.190390390390391,99.99761268415789,False,0.13485088021887373,34
12204.204204204205,12.204204204204204,99.99761850693591,False,0.13486388309282443,34
12218.018018018018,12.218018018018018,99.99762430843688,False,0.1348763087488314,34
12231.831831831832,12.231831831831833,99.99763008876437,False,0.1348881541527719,34
12245.645645645645,12.245645645645645,99.99763584802126,False,0.13489941641221023,34
12259.45945945946,12.25945945945946,99.99764158630984,False,0.1349100927771042,34
12273.273273273273,12.273273273273272,99.99764730373177,False,0.13492018064047662,34
12287.087087087088,12.287087087087087,99.99765300038813,False,0.13492967753905177,34
12300.9009009009,12.300900900900901,99.99765867637932,False,0.13493858115385698,34
12314.714714714715,12.314714714714714,99.9976643318052,False,0.13494688931078894,34
12328.528528528528,12.328528528528528,99.99766996676497,False,0.1349545999811443,34
12342.342342342343,12.342342342342343,99.9976755813573,False,0.13496171128211548,34
12356.156156156156,12.356156156156155,99.9976811756802,False,0.13496822147725,34
12369.96996996997,12.36996996996997,99.99768674983113,False,0.13497412897687472,34
12383.783783783783,12.383783783783784,99.99769230390694,False,0.13497943233848397,34
12397.597597597598,12.397597597597597,99.99769783800396,False,0.13498413026709177,34
12411.41141141141,12.411411411411411,99.99770335221784,False,0.13498822161554802,34
12425.225225225226,12.425225225225226,99.99770884664375,False,0.1349917053848187,34
12439.03903903904,12.43903903903904,99.99771432137624,False,0.13499458072422962,34
12452.852852852853,12.452852852852853,99.99771977650931,False,0.1349968469316744,34
12466.666666666668,12.466666666666669,99.99772521213642,False,0.13499850345378578,34
12480.48048048048,12.48048048048048,99.99773062835044,False,0.13499954988607066,34
12494.294294294295,12.494294294294296,99.99773602524371,False,0.134999985973009,34
12508.108108108108,12.50810810810811,99.99774140290802,False,0.13499981160811622,34
12521.921921921923,12.521921921921923,99.9977467614346,False,0.13499902683396905,34
12535.735735735736,12.535735735735736,99.99775210091417,False,0.13499763184219532,34
12549.54954954955,12.549549549549551,99.99775742143687,False,0.13499562697342707,34
12563.363363363364,12.563363363363363,99.99776272309234,False,0.13499301271721736,34
12577.177177177178,12.577177177177179,99.99776800596969,False,0.13498978971192074,34
12590.990990990991,12.59099099099099,99.99777327015748,False,0.13498595874453745,34
12604.804804804806,12.604804804804806,99.99777851574379,False,0.13498152075052117,34
12618.618618618619,12.618618618618619,99.99778374281613,False,0.13497647681355054,34
12632.432432432433,12.632432432432433,99.99778895146153,False,0.1349708281652648,34
12646.246246246246,12.646246246246246,99.99779414176652,False,0.1349645761849627,34
12660.060060060061,12.660060060060061,99.99779931381707,False,0.13495772239926593,34
12673.873873873874,12.673873873873873,99.99780446769871,False,0.13495026848174632,34
12687.687687687689,12.687687687687689,99.99780960349644,False,0.1349422162525171,34
12701.501501501501,12.701501501501502,99.99781472129474,False,0.13493356767778855,34
12715.315315315316,12.715315315315316,99.99781982117764,False,0.13492432486938782,34
12729.129129129129,12.729129129129129,99.99782490322869,False,0.1349144900842433,34
12742.942942942944,12.742942942942944,99.99782996753086,False,0.1349040657238335,34
12756.756756756757,12.756756756756756,99.99783501416675,False,0.1348930543336007,34
12770.570570570571,12.770570570570571,99.99784004321843,False,0.13488145860232925,34
12784.384384384384,12.784384384384385,99.9978450547675,False,0.13486928136148926,34
12798.198198198199,12.798198198198198,99.99785004889506,False,0.13485652558454497,34
12812.012012012012,12.812012012012012,99.99785502568179,False,0.1348431943862288,34
12825.825825825827,12.825825825825827,99.99785998520785,False,0.1348292910217808,34
12839.63963963964,12.839639639639639,99.99786492755301,False,0.13481481888615374,34
12853.453453453454,12.853453453453454,99.9978698527965,False,0.13479978151318409,34
12867.267267267267,12.867267267267268,99.99787476101714,False,0.13478418257472924,34
12881.081081081082,12.881081081081081,99.99787965229329,False,0.13476802587977077,34
12894.894894894895,12.894894894894895,99.99788452670286,False,0.13475131537348442,34
12908.70870870871,12.908708708708708,99.9978893843233,False,0.13473405513627673,34
12922.522522522522,12.922522522522522,99.99789422523165,False,0.13471624938278876,34
12936.336336336337,12.936336336336337,99.99789904950444,False,0.13469790246086677,34
12950.15015015015,12.950150150150149,99.99790385721782,False,0.13467901885050076,34
12963.963963963964,12.963963963963964,99.9979086484475,False,0.13465960316273043,34
12977.777777777777,12.977777777777778,99.99791342326876,False,0.13463966013851922,34
12991.591591591592,12.991591591591591,99.99791818175642,False,0.13461919464759672,34
13005.405405405405,13.005405405405405,99.99792292398489,False,0.13459821168726954,34
13019.21921921922,13.01921921921922,99.99792765002819,False,0.13457671638120103,34
13033.033033033033,13.033033033033032,99.99793235995985,False,0.1345547139781602,34
13046.846846846847,13.046846846846847,99.99793705385304,False,0.13453220985074016,34
13060.660660660662,13.060660660660663,99.99794173178049,False,0.134509209494046,34
13074.474474474475,13.074474474474474,99.99794639381456,False,0.1344857185243532,34
13088.28828828829,13.08828828828829,99.99795104002712,False,0.1344617426777361,34
13102.102102102102,13.102102102102103,99.99795567048967,False,0.13443728780866737,34
13115.915915915917,13.115915915915917,99.99796028527338,False,0.13441235988858832,34
13129.72972972973,13.12972972972973,99.9979648844489,False,0.13438696500445094,34
13143.543543543545,13.143543543543545,99.99796946808658,False,0.13436110935723136,34
13157.357357357358,13.157357357357357,99.9979740362563,False,0.13433479926041597,34
13171.171171171172,13.171171171171173,99.99797858902758,False,0.13430804113845943,34
13184.984984984985,13.184984984984986,99.99798312646956,False,0.1342808415252163,34
13198.7987987988,13.1987987987988,99.99798764865099,False,0.13425320706234528,34
13212.612612612613,13.212612612612613,99.9979921556402,False,0.13422514449768763,34
13226.426426426427,13.226426426426427,99.99799664750519,False,0.1341966606836194,34
13240.24024024024,13.24024024024024,99.99800112431353,False,0.13416776257537819,34
13254.054054054055,13.254054054054055,99.99800558613246,False,0.13413845722936482,34
13267.867867867868,13.267867867867867,99.99801003302882,False,0.1341087518014203,34
13281.681681681683,13.281681681681683,99.99801446506908,False,0.1340786535450785,34
13295.495495495496,13.295495495495496,99.99801888231931,False,0.1340481698097949,34
13309.30930930931,13.30930930930931,99.99802328484529,False,0.1340173080391521,34
13323.123123123123,13.323123123123123,99.99802767271237,False,0.13398607576904215,34
13336.936936936938,13.336936936936938,99.99803204598555,False,0.13395448062582638,34
13350.75075075075,13.35075075075075,99.99803640472948,False,0.13392253032447335,34
13364.564564564565,13.364564564564565,99.99804074900845,False,0.1338902326666748,34
13378.378378378378,13.378378378378379,99.9980450788864,False,0.13385759553894072,34
13392.192192192193,13.392192192192192,99.9980493944269,False,0.13382462691067357,34
13406.006006006006,13.406006006006006,99.99805369569319,False,0.13379133483222233,34
13419.81981981982,13.419819819819821,99.99805798274814,False,0.1337577274329167,34
13433.633633633634,13.433633633633633,99.99806225565429,False,0.1337238129190821,34
13447.447447447448,13.447447447447448,99.99806651447386,False,0.13368959957203586,34
13461.261261261261,13.461261261261262,99.99807075926867,False,0.13365509574606493,34
13475.075075075076,13.475075075075075,99.99807499010022,False,0.13362030986638615,34
13488.888888888889,13.488888888888889,99.99807920702973,False,0.13358525042708871,34
13502.702702702703,13.502702702702704,99.99808341011801,False,0.13354992598906024,34
13516.516516516516,13.516516516516516,99.99808759942557,False,0.1335143451778963,34
13530.330330330331,13.530330330330331,99.99809177501261,False,0.13347851668179408,34
13544.144144144144,13.544144144144143,99.99809593693895,False,0.13344244924943122,34
13557.957957957959,13.557957957957958,99.99810008526413,False,0.13340615168782907,34
13571.771771771771,13.571771771771772,99.99810422004735,False,0.13336963286020262,34
13585.585585585586,13.585585585585585,99.99810834134747,False,0.1333329016837959,33
13599.399399399399,13.599399399399399,99.99811244922309,False,0.13329596712770492,33
13613.213213213214,13.613213213213214,99.99811654373242,False,0.1332588382106871,33
13627.027027027027,13.627027027027026,99.99812062493338,False,0.13322152399895956,33
13640.840840840841,13.640840840840841,99.99812469288361,False,0.13318403360398492,33
13654.654654654654,13.654654654654655,99.99812874764038,False,0.13314637618024666,33
13668.468468468469,13.668468468468468,99.9981327892607,False,0.1331085609230137,33
13682.282282282282,13.682282282282282,99.99813681780125,False,0.13307059706609506,33
13696.096096096097,13.696096096096097,99.9981408333184,False,0.13303249387958513,33
13709.909909909911,13.70990990990991,99.99814483586825,False,0.1329942606676001,33
13723.723723723724,13.723723723723724,99.99814882550655,False,0.13295590676600608,33
13737.537537537539,13.73753753753754,99.99815280228879,False,0.13291744154013935,33
13751.351351351352,13.751351351351351,99.99815676627011,False,0.13287887438251972,33
13765.165165165166,13.765165165165167,99.99816071750546,False,0.13284021471055674,33
13778.97897897898,13.77897897897898,99.99816465604935,False,0.13280147196425043,33
13792.792792792794,13.792792792792794,99.99816858195614,False,0.13276265560388606,33
13806.606606606607,13.806606606606607,99.99817249527977,False,0.1327237751077241,33
13820.420420420422,13.820420420420422,99.99817639607403,False,0.1326848399696858,33
13834.234234234234,13.834234234234234,99.9981802843923,False,0.13264585969703513,33
13848.04804804805,13.84804804804805,99.99818416028774,False,0.13260684380805693,33
13861.861861861862,13.861861861861861,99.9981880238132,False,0.13256780182973305,33
13875.675675675677,13.875675675675677,99.99819187502129,False,0.13252874329541584,33
13889.48948948949,13.88948948948949,99.9981957139643,False,0.1324896777425003,33
13903.303303303304,13.903303303303304,99.99819954069424,False,0.1324506147100953,33
13917.117117117117,13.917117117117117,99.99820335526289,False,0.13241156373669424,33
13930.930930930932,13.930930930930932,99.99820715772171,False,0.13237253435784588,33
13944.744744744745,13.944744744744744,99.99821094812191,False,0.13233353610382603,33
13958.55855855856,13.95855855855856,99.9982147265144,False,0.13229457849731033,33
13972.372372372372,13.972372372372373,99.99821849294989,False,0.13225567105104907,33
13986.186186186187,13.986186186186186,99.99822224747874,False,0.13221682326554426,33
14000.0,14.0,99.9982259901511,False,0.13217804462672986,33
